id_cliente,nome,cpf,telefone,email,data_nascimento,sexo,endereco,numero,bairro,cep,cidade,estado
1,Daniela Mendonça,316.895.274-55,71 4659 0906,ana-carolina41@example.com,1998-04-04,Feminino,"Alameda Dias, 39",100,Nossa Senhora Da Aparecida,44720-161,São Paulo,São Paulo
2,Marina Correia,015.862.934-51,+55 (041) 4809 9384,marcela57@example.com,1969-01-31,Feminino,"Viaduto de Viana, 4",98,Santa Isabel,37949177,São Paulo,São Paulo
3,Hellena Pastor,682.345.019-33,(071) 7660-1743,samuelmacedo@example.com,1968-10-25,Feminino,"Distrito de Leão, 24",86,Bernadete,33936-693,São Paulo,São Paulo
4,Kaique Correia,539.126.748-09,+55 31 3225-7353,ravi26@example.com,1971-05-11,Masculino,"Vereda de Vargas, 37",87,Bonsucesso,50885-752,São Paulo,São Paulo
5,Mateus Ramos,198.472.506-85,+55 51 2253 6490,guerrapaulo@example.com,1971-10-04,Masculino,"Alameda Campos, 563",90,São Marcos,84359-108,São Paulo,São Paulo
6,Lara Vargas,482.760.391-03,+55 31 2026-3469,jade33@example.com,1989-10-30,Feminino,"Praça Igor Duarte, 76",225,Vila Nossa Senhora Do Rosário,35948-342,São Paulo,São Paulo
7,Ana Beatriz Montenegro,401.679.538-93,71 6953-5332,qlima@example.org,1989-07-07,Feminino,"Conjunto de da Cruz, 23",70,Céu Azul,28746681,São Paulo,São Paulo
8,Yago Carvalho,596.470.231-70,(081) 8412-3175,lsa@example.net,1960-01-07,Masculino,"Residencial Vitória Brito, 98",2,Conjunto Paulo Vi,25940237,São Paulo,São Paulo
9,Marina Pires,216.394.578-28,+55 (011) 5531-7131,davi-luiz57@example.org,1960-09-08,Feminino,"Setor Francisco Machado, 486",23,Novo Glória,66030735,São Paulo,São Paulo
10,Raul Siqueira,604.518.739-39,+55 51 2271 1316,diogocavalcanti@example.com,1960-02-15,Masculino,"Morro Silveira, 20",3,Parque São Pedro,88335776,São Paulo,São Paulo
11,Valentim Costa,489.653.012-89,81 5523-2983,asiqueira@example.org,1976-02-20,Masculino,"Morro Brayan Vargas, 73",99,Vila Real 2ª Seção,84144-532,São Paulo,São Paulo
12,Maria Isis Melo,493.501.762-70,+55 84 4494-9178,mariah80@example.net,2002-10-16,Feminino,"Ladeira de Carvalho, 10",82,Copacabana,01247750,São Paulo,São Paulo
13,Maria Helena Leão,086.531.927-86,+55 71 1515-0154,dom22@example.org,1958-07-24,Feminino,"Parque Sousa, 80",70,Acaiaca,00867944,São Paulo,São Paulo
14,Murilo Guerra,637.985.412-64,+55 61 8578-9103,alexiapires@example.com,1963-04-08,Masculino,"Estação da Costa, 5",1,Corumbiara,97502171,São Paulo,São Paulo
15,Brenda Campos,901.325.746-16,+55 51 3997 6408,hlima@example.com,1994-05-13,Feminino,"Avenida de Cirino, 65",30,Minas Brasil,95380-328,São Paulo,São Paulo
16,Alícia Nogueira,698.075.412-20,+55 21 3117 8369,qmachado@example.net,1980-09-11,Feminino,"Favela Esther Lima, 78",81,Mangabeiras,97153-098,São Paulo,São Paulo
17,Maria Laura Rezende,480.793.216-04,+55 11 8922 4556,elisa95@example.net,1980-05-05,Feminino,"Travessa Nina Vasconcelos, 124",53,Gutierrez,54300570,São Paulo,São Paulo
18,Cauã Andrade,264.519.837-64,21 9475 5605,sda-cruz@example.com,1965-07-04,Masculino,"Vila de Cardoso, 65",93,Paulo Vi,71094-078,São Paulo,São Paulo
19,Marcela Sampaio,493.506.271-16,+55 41 9992-7372,maite41@example.org,1991-12-29,Feminino,Setor Enrico Gomes,6,Calafate,63157-753,São Paulo,São Paulo
20,Gael Henrique Rocha,376.940.812-87,81 4136-4916,fpires@example.com,1999-05-01,Masculino,"Campo de Marques, 51",43,Barroca,94607-160,São Paulo,São Paulo
21,Cauã Teixeira,349.257.860-83,+55 11 8667 0466,emanuellycarvalho@example.com,1954-11-30,Masculino,"Estrada Benício Cavalcanti, 92",5,São Tomaz,98059-909,São Paulo,São Paulo
22,Otto Vasconcelos,913.425.806-05,0800 517 0369,sabrinasiqueira@example.com,1971-01-27,Masculino,"Feira de Correia, 80",34,Jardim Do Vale,06249-259,São Paulo,São Paulo
23,Gabriel Fernandes,516.234.097-99,+55 61 6946 8404,alice66@example.net,1972-03-19,Masculino,"Fazenda Cavalcanti, 807",68,Belmonte,46719884,São Paulo,São Paulo
24,Anthony Gabriel Santos,867.593.204-92,+55 61 1190-1040,rebecada-cunha@example.com,1974-05-07,Masculino,"Trecho Heloisa Cavalcante, 86",80,Heliopolis,75851280,São Paulo,São Paulo
25,Sophie Correia,296.318.704-13,21 2922-9277,novaespedro@example.org,1984-07-06,Feminino,"Trevo de Moraes, 22",30,Vila Nova Cachoeirinha 2ª Seção,24995938,São Paulo,São Paulo
26,Mathias Aragão,836.591.247-37,81 4526-0459,ravynunes@example.com,2006-01-07,Masculino,"Lago de Rios, 3",81,Padre Eustáquio,91567-890,São Paulo,São Paulo
27,Pedro Lucas Nascimento,097.638.214-87,0900-863-6616,mcorreia@example.org,1957-10-08,Masculino,Esplanada de da Luz,27,Vila Nova,26145364,São Paulo,São Paulo
28,Sara Viana,051.867.234-44,0300-524-4757,aparecidamaria-cecilia@example.com,1968-02-04,Feminino,"Feira Clarice Nunes, 813",67,Jatobá,59069492,São Paulo,São Paulo
29,Dom Rocha,147.836.590-01,+55 (041) 3013 2968,bduarte@example.org,1972-04-12,Masculino,"Conjunto da Rocha, 33",42,Santa Amelia,45840-893,São Paulo,São Paulo
30,Yuri Mendes,837.291.046-40,(031) 4454 3694,dda-mota@example.net,1982-11-01,Masculino,"Recanto de da Rosa, 26",62,Grajaú,15982-660,São Paulo,São Paulo
31,Luana Correia,175.093.248-23,+55 (011) 6849 5016,lalmeida@example.org,2005-07-26,Feminino,"Travessa Agatha Moreira, 72",44,Santa Maria,47052-774,São Paulo,São Paulo
32,Beatriz Campos,459.206.178-02,41 9316-1830,francisco48@example.com,1967-01-14,Feminino,"Setor Isabelly Viana, 57",52,Vila Copasa,69674378,São Paulo,São Paulo
33,Henrique Souza,465.981.073-93,0300 106 9652,lavinia74@example.net,1975-12-19,Masculino,"Setor Jesus, 593",49,Solimoes,40625-305,São Paulo,São Paulo
34,Marcos Vinicius da Rosa,349.761.208-13,(081) 2858-9653,igor89@example.com,1962-07-24,Masculino,"Largo Laura Brito, 5",21,Palmeiras,48933-745,São Paulo,São Paulo
35,Gael Campos,761.548.032-90,+55 84 5557 6024,fogacadavi-luiz@example.com,1985-12-02,Masculino,"Morro de Porto, 426",6,Bom Jesus,57150941,São Paulo,São Paulo
36,Melissa Pacheco,289.037.516-12,(051) 4460-4447,bianca72@example.org,2003-12-24,Feminino,"Loteamento Benicio Guerra, 3",75,Conjunto Jardim Filadélfia,80837-339,São Paulo,São Paulo
37,Pedro Lucas Cavalcante,183.046.279-22,(031) 6372 6505,biancamarques@example.org,1977-03-13,Masculino,"Aeroporto de Oliveira, 2",80,Senhor Dos Passos,95458-873,São Paulo,São Paulo
38,Henrique Castro,471.053.268-08,71 2886-6477,larissada-rocha@example.com,1991-02-07,Masculino,"Via Eduardo Moraes, 56",17,Pompéia,45098-933,São Paulo,São Paulo
39,Maria Cecília Ferreira,930.187.462-87,(081) 0368-8425,ana-luiza14@example.com,1956-11-24,Feminino,"Esplanada Maria Alice Melo, 371",2,Vila Madre Gertrudes 1ª Seção,88336439,São Paulo,São Paulo
40,Giovanna Fonseca,492.780.163-22,+55 (051) 1218 5674,maria-luisamendes@example.org,1989-03-08,Feminino,"Pátio Dias, 47",19,Esplanada,77099651,São Paulo,São Paulo
41,Theo Sales,462.879.530-47,(061) 7634-0065,eteixeira@example.com,1965-10-18,Masculino,"Aeroporto Maitê Cavalcante, 20",96,Granja Werneck,89878-590,São Paulo,São Paulo
42,Manuela da Paz,269.017.534-70,(031) 2760 0950,ana-luiza32@example.org,2006-07-05,Feminino,"Avenida Brito, 76",26,Confisco,47143751,São Paulo,São Paulo
43,Luna Aparecida,341.850.297-05,+55 (041) 4017-4072,tteixeira@example.com,1997-10-05,Feminino,"Alameda de Abreu, 38",42,Cachoeirinha,27616-999,São Paulo,São Paulo
44,Emilly Machado,019.283.546-70,71 5191-1709,rsiqueira@example.net,1981-01-04,Feminino,"Loteamento Lima, 5",8,Álvaro Camargos,43893422,São Paulo,São Paulo
45,Henrique Nascimento,935.617.082-77,(081) 4801-3543,ana-sophia08@example.org,1977-07-19,Masculino,"Recanto Emilly Gomes, 73",97,São Pedro,88529345,São Paulo,São Paulo
46,Levi Nogueira,802.967.153-95,0800-275-6094,felipeda-conceicao@example.com,1975-10-19,Masculino,"Jardim Raquel Costa, 829",528,Antonio Ribeiro De Abreu 1ª Seção,68969-021,São Paulo,São Paulo
47,Pedro Henrique da Mota,947.530.812-14,+55 (041) 9444-4378,joao-vitor62@example.com,1981-04-13,Masculino,"Parque de Cavalcante, 89",80,Vila Suzana Segunda Seção,68475-437,São Paulo,São Paulo
48,Carolina Pastor,612.540.793-43,(084) 8991 6442,yda-mata@example.org,1997-12-19,Feminino,"Parque de da Costa, 91",22,Santa Helena,45341902,São Paulo,São Paulo
49,Arthur Gabriel Cavalcanti,708.194.652-67,+55 (051) 3699 4174,barbosaarthur@example.net,2002-01-10,Masculino,"Trevo de Cassiano, 66",69,Parque São Pedro,32317857,São Paulo,São Paulo
50,Heloisa Pereira,136.720.584-08,+55 84 1954 7861,ana-luizafreitas@example.com,1973-03-27,Feminino,Vila de Aragão,33,Novo Aarão Reis,60321-218,São Paulo,São Paulo
51,Davi Lucca Pacheco,826.071.359-40,(071) 7906-7079,teixeiraluara@example.net,2005-04-19,Masculino,"Ladeira Fonseca, 46",6,Leonina,49381-856,São Paulo,São Paulo
52,Davi Miguel da Conceição,821.760.953-59,(081) 4985 4163,zpinto@example.com,1983-01-23,Masculino,"Pátio Câmara, 3",927,Carlos Prates,80452-308,São Paulo,São Paulo
53,Henrique Duarte,193.578.426-91,(051) 2317-5600,rezendeheitor@example.org,1971-02-19,Masculino,"Avenida de Leão, 53",2,Funcionários,73955-346,São Paulo,São Paulo
54,Maria Vitória Fonseca,098.467.325-38,0900 454 5859,dvieira@example.com,1990-09-23,Feminino,Chácara de Rodrigues,69,Vila São Dimas,84666688,São Paulo,São Paulo
55,Vitor Hugo Moreira,925.178.630-59,+55 21 9003-2029,silveirarael@example.org,2006-12-28,Masculino,"Vila Pacheco, 6",99,Antonio Ribeiro De Abreu 1ª Seção,65182450,São Paulo,São Paulo
56,Aylla Gonçalves,918.257.034-50,+55 41 3085-6339,ksales@example.com,1973-02-26,Feminino,"Conjunto de Lima, 68",435,Vila Betânia,65929-941,São Paulo,São Paulo
57,Rodrigo Cunha,842.936.075-10,+55 (061) 8011 0690,esiqueira@example.net,2001-11-21,Masculino,"Vereda Cavalcanti, 28",33,Vila Minaslandia,69357429,São Paulo,São Paulo
58,Maysa Dias,159.673.284-91,81 8736 1958,jose-pedro12@example.org,1965-08-17,Feminino,"Favela da Rosa, 3",2,Santa Tereza,76682139,São Paulo,São Paulo
59,Henry Gabriel Ferreira,159.430.876-48,(021) 3618-1685,lais48@example.org,2007-02-01,Masculino,"Esplanada de Sousa, 50",55,Vila Pinho,03754-769,São Paulo,São Paulo
60,Marcos Vinicius Mendonça,143.765.289-19,0500-694-8388,mourabryan@example.com,2001-04-17,Masculino,"Lagoa Beatriz das Neves, 329",54,Aarão Reis,57175-463,São Paulo,São Paulo
61,Samuel Sousa,396.845.021-33,61 7111-5558,leaonoah@example.com,1956-04-03,Masculino,Pátio Peixoto,81,Serra,91661-981,São Paulo,São Paulo
62,Ana Vitória Fernandes,793.068.152-12,61 0303-2623,laura51@example.com,1975-02-08,Feminino,"Distrito Vieira, 57",70,Ipe,29477654,São Paulo,São Paulo
63,Dom Sousa,810.756.324-71,11 8898 8685,plopes@example.net,1974-12-01,Masculino,"Fazenda de Casa Grande, 56",21,Pilar,95706549,São Paulo,São Paulo
64,Pietra Vargas,152.069.348-60,11 0986-7448,cmacedo@example.com,1977-10-28,Feminino,"Lagoa Moura, 34",51,Vila Independencia 2ª Seção,20332-460,São Paulo,São Paulo
65,Gabrielly Correia,387.126.590-02,11 6036-6967,rochaleo@example.org,2004-04-29,Feminino,"Estação Theodoro da Costa, 99",8,Vila Betânia,29802-063,São Paulo,São Paulo
66,Maria Flor Aragão,341.067.982-04,(011) 1097 1020,joaoda-paz@example.com,1979-08-03,Feminino,"Feira de Barbosa, 84",3,Vila Maloca,64826474,São Paulo,São Paulo
67,Ágatha Dias,896.245.301-06,(031) 8035-9484,lucasmontenegro@example.net,2006-10-29,Feminino,"Recanto de Andrade, 56",729,Trevo,73687-840,São Paulo,São Paulo
68,Mariana Cardoso,231.790.548-32,84 0396-8823,matteo33@example.net,1969-02-07,Feminino,"Praia de Barbosa, 907",89,São José,57615965,São Paulo,São Paulo
69,Anthony Gabriel Cassiano,875.123.460-26,+55 (061) 8587 5565,luiz-fernandoborges@example.org,1983-07-20,Masculino,"Distrito de Macedo, 23",3,São Lucas,75909848,São Paulo,São Paulo
70,Luiz Gustavo Marques,043.851.297-97,41 4842 2779,ana-vitoriacampos@example.com,2005-05-28,Masculino,"Núcleo da Rosa, 99",15,Carlos Prates,46729960,São Paulo,São Paulo
71,Oliver Casa Grande,928.510.374-04,41 7654 7034,emanuelda-conceicao@example.net,2007-03-19,Masculino,"Praia Gomes, 40",295,Petropolis,64358811,São Paulo,São Paulo
72,Benício Ferreira,185.627.904-94,(021) 2733 3605,josue18@example.net,1992-07-20,Masculino,"Vereda Ian da Conceição, 54",7,Vila Trinta E Um De Março,92685-443,São Paulo,São Paulo
73,João Guilherme da Cunha,695.023.748-00,+55 (071) 3276-6608,rodriguesfelipe@example.org,1998-07-20,Masculino,"Campo de Cardoso, 925",101,Vila São Geraldo,97766990,São Paulo,São Paulo
74,Maria Fernanda Gonçalves,415.738.290-05,+55 (041) 7156 3395,maparecida@example.org,1992-12-28,Feminino,"Lago Viana, 597",817,Barão Homem De Melo 2ª Seção,38681-215,São Paulo,São Paulo
75,Maria Isis Costela,061.473.852-08,+55 (081) 8612-1182,ravivasconcelos@example.org,1980-12-20,Feminino,"Ladeira Fernanda Correia, 6",1,Conjunto Santa Maria,67497-049,São Paulo,São Paulo
76,Manuela Nunes,290.536.178-68,+55 (061) 3463 7282,davi-miguelmontenegro@example.com,1986-07-31,Feminino,"Residencial Ravy Azevedo, 69",61,Pompéia,85830812,São Paulo,São Paulo
77,Theodoro Andrade,692.805.371-21,(051) 0201 1756,manuella89@example.org,1957-11-22,Masculino,"Residencial Cunha, 10",613,Tupi A,11196-503,São Paulo,São Paulo
78,Maria Flor Castro,274.819.063-78,61 2700 4009,matteomoreira@example.net,1956-01-16,Feminino,"Favela de Pereira, 33",98,Primeiro De Maio,18296-614,São Paulo,São Paulo
79,Lavínia Gomes,410.379.582-41,+55 (081) 4072 7878,leonardonovais@example.net,1986-12-14,Feminino,"Parque Andrade, 267",534,Comiteco,30303278,São Paulo,São Paulo
80,Augusto Cardoso,309.427.568-00,+55 41 9415-1717,silvabarbara@example.com,1973-07-06,Masculino,"Alameda de Silveira, 54",77,Vila Real 1ª Seção,46587978,São Paulo,São Paulo
81,Cauã Martins,813.975.046-84,84 8406 2575,alvesleo@example.org,1983-12-22,Masculino,"Núcleo de Souza, 33",7,Gutierrez,72632-920,São Paulo,São Paulo
82,Maria Alice da Costa,923.051.478-05,51 7843 0504,xalmeida@example.org,1996-06-09,Feminino,"Alameda Almeida, 5",910,Olhos D'água,44347-024,São Paulo,São Paulo
83,Maria Liz da Cunha,423.590.186-98,(084) 2988 1629,joananascimento@example.com,2003-03-10,Feminino,Distrito Antony Casa Grande,43,Itatiaia,83504980,São Paulo,São Paulo
84,Mateus da Costa,591.760.284-02,+55 (084) 3575 8222,diogo48@example.net,1980-06-09,Masculino,"Pátio Luiz Fernando Câmara, 14",9,Cruzeiro,34923020,São Paulo,São Paulo
85,Davi Lucas da Cruz,498.257.361-19,+55 61 3916-6318,hadassamoreira@example.net,1968-10-13,Masculino,"Trevo Cunha, 42",973,Vila Antena Montanhês,28245-285,São Paulo,São Paulo
86,Dom Borges,035.687.491-57,+55 84 7023 5584,ribeiroliam@example.org,1991-07-04,Masculino,"Sítio Arthur Correia, 44",77,Ipe,91648-074,São Paulo,São Paulo
87,Dante Duarte,726.014.593-52,(011) 1779-1826,rmoreira@example.com,1958-06-08,Masculino,"Sítio Levi Pereira, 66",65,Ermelinda,85996349,São Paulo,São Paulo
88,Emanuel Sales,802.653.719-02,61 4581 0157,wmontenegro@example.net,2006-06-19,Masculino,"Distrito de Costela, 59",15,Grotinha,48224061,São Paulo,São Paulo
89,Francisco Cassiano,397.204.158-60,+55 (081) 5634 6039,aparecidafernanda@example.com,1984-06-27,Masculino,"Largo Mariane Pinto, 535",99,Cônego Pinheiro 1ª Seção,70248753,São Paulo,São Paulo
90,Theo Barros,356.429.108-33,(051) 7020 5968,noah85@example.net,1957-02-18,Masculino,"Travessa Fonseca, 40",64,Bonsucesso,40003-616,São Paulo,São Paulo
91,Breno Melo,726.485.039-00,0800-398-0108,heitormacedo@example.org,1989-07-25,Masculino,"Vereda Sofia Mendonça, 88",515,Vila Puc,71150196,São Paulo,São Paulo
92,Thales Fogaça,753.482.019-79,+55 84 5463-4140,pimentabianca@example.net,1955-07-27,Masculino,"Morro Nascimento, 6",11,Taquaril,14990-321,São Paulo,São Paulo
93,Bento da Cunha,895.064.317-01,+55 (011) 6919-8431,dpinto@example.org,1970-10-06,Masculino,"Quadra de Moreira, 76",87,Barroca,68940536,São Paulo,São Paulo
94,Eduarda Cardoso,072.569.834-92,0500-236-9955,yda-rocha@example.com,2005-12-27,Feminino,"Trevo Bernardo Rocha, 13",82,Jardim São José,00626858,São Paulo,São Paulo
95,Joana Teixeira,524.083.796-10,0800 210 7257,monteiroisaac@example.com,2006-04-30,Feminino,"Estrada Farias, 220",64,São Luiz,40139-671,São Paulo,São Paulo
96,Pedro Lucas Casa Grande,674.281.953-73,(041) 3077 6122,anacosta@example.net,1997-01-10,Masculino,"Conjunto de Siqueira, 78",61,Céu Azul,47677-019,São Paulo,São Paulo
97,Pedro Cirino,463.759.128-73,+55 (081) 1278 0965,hadassabarros@example.com,1974-02-01,Masculino,"Campo Freitas, 688",5,Vila Copasa,07362029,São Paulo,São Paulo
98,Thomas Abreu,027.931.685-21,+55 (031) 0199-6168,wrezende@example.org,1963-04-03,Masculino,"Área de Nascimento, 198",81,Estrela Do Oriente,74908-037,São Paulo,São Paulo
99,Theo Viana,632.794.508-29,(031) 7014 0828,anarezende@example.net,1992-04-10,Masculino,"Colônia Montenegro, 25",8,Vila São Gabriel,29395-183,São Paulo,São Paulo
100,Davi Miguel Castro,713.056.482-26,+55 (011) 9450 6795,costacarlos-eduardo@example.com,2006-07-14,Masculino,"Estrada Oliver Teixeira, 615",42,Mantiqueira,76934328,São Paulo,São Paulo
101,Ísis Novaes,263.490.571-80,41 7070-4479,ksales@example.com,1964-12-19,Feminino,"Setor Joaquim Peixoto, 66",2,Vila Nova Dos Milionarios,94631-910,São Paulo,São Paulo
102,Heitor Aparecida,602.879.534-83,31 4437 9103,mariacorreia@example.com,1994-11-02,Masculino,"Quadra de da Mata, 9",82,Garças,73394-753,São Paulo,São Paulo
103,Valentina Sampaio,674.205.381-07,(051) 3808-9816,novaesmaria-julia@example.org,1996-01-22,Feminino,"Lago Viana, 90",710,Biquinhas,53758-117,São Paulo,São Paulo
104,Anthony da Cruz,796.508.342-65,(041) 4734-5873,duartenoah@example.net,1998-03-26,Masculino,"Avenida Luna Gonçalves, 15",45,Bonsucesso,96416-290,São Paulo,São Paulo
105,Gael Pimenta,039.876.124-87,+55 (031) 0544-2633,gael-henrique77@example.org,1972-09-13,Masculino,"Vila da Rosa, 1",726,Jardim São José,22953-335,São Paulo,São Paulo
106,João Lucas Camargo,401.395.278-50,21 1513 5449,marcos-viniciusduarte@example.net,1991-05-01,Masculino,"Praça Silva, 67",11,Itapoa,32737-796,São Paulo,São Paulo
107,Juan Fogaça,945.320.871-04,0900 800 0459,das-nevesjoana@example.net,2001-02-26,Masculino,Ladeira de Rezende,89,Jardim Leblon,64255089,São Paulo,São Paulo
108,Mariana Machado,790.628.135-77,(081) 6442 5224,jesusalana@example.com,1984-04-04,Feminino,"Praça Cavalcante, 76",409,Universitário,39523789,São Paulo,São Paulo
109,Maria Júlia Aragão,361.278.540-08,+55 81 9538-3132,da-rochamelissa@example.net,1981-01-31,Feminino,"Residencial Viana, 58",37,Vila Boa Vista,29669-884,São Paulo,São Paulo
110,Brenda Garcia,726.538.014-26,+55 (061) 3410-3522,luiz-henriquesa@example.com,2002-11-07,Feminino,"Quadra Stephany Brito, 934",269,Coração Eucarístico,93362304,São Paulo,São Paulo
111,Renan Almeida,203.681.759-95,61 2879-1672,fernandescaue@example.com,1960-05-01,Masculino,"Ladeira Isabelly Duarte, 16",32,União,50292797,São Paulo,São Paulo
112,Maya Camargo,729.051.864-02,(011) 1583 9455,rhavi00@example.net,2000-08-18,Feminino,"Alameda de Gomes, 78",89,Alta Tensão 2ª Seção,05096739,São Paulo,São Paulo
113,Marcelo Ribeiro,130.689.472-78,+55 51 9843 0416,kvargas@example.org,1976-10-04,Masculino,"Via de Barros, 29",253,Braúnas,56761-251,São Paulo,São Paulo
114,Ravi Lucca Santos,916.524.830-98,+55 (084) 9165 8421,tcaldeira@example.org,1956-03-14,Masculino,"Pátio de Macedo, 9",89,Vila Petropolis,50096-623,São Paulo,São Paulo
115,Henry Gabriel Gomes,091.352.764-52,+55 21 4485 9076,marcela54@example.net,1963-04-15,Masculino,"Aeroporto Isadora Alves, 17",434,Ernesto Nascimento,73659-118,São Paulo,São Paulo
116,Otávio Mendes,907.134.826-13,+55 (011) 3853 6231,camposmariane@example.org,1991-12-09,Masculino,"Campo de Sá, 445",6,Vista Alegre,28403-880,São Paulo,São Paulo
117,Marcelo Oliveira,013.276.584-53,+55 (021) 0061-2521,bella98@example.net,1991-12-25,Masculino,Alameda Sampaio,482,São João,11506106,São Paulo,São Paulo
118,Maysa Rezende,302.496.578-56,(084) 0361 9133,isabella01@example.org,1960-11-20,Feminino,"Ladeira de da Cruz, 5",675,Cdi Jatoba,45396515,São Paulo,São Paulo
119,Sara Dias,805.931.627-30,+55 84 1453-5823,clararocha@example.org,1973-10-05,Feminino,Conjunto Machado,2,Santa Monica,34436645,São Paulo,São Paulo
120,Melina Aparecida,362.705.819-40,+55 81 2242 2225,da-cruzluigi@example.org,2003-12-04,Feminino,"Esplanada Isaque Sousa, 830",51,Coração De Jesus,84041318,São Paulo,São Paulo
121,Gabriel Moraes,840.372.956-10,+55 84 8929-0819,gael-henrique60@example.com,1954-11-27,Masculino,"Parque Antônio Leão, 17",2,Mariano De Abreu,54679086,São Paulo,São Paulo
122,Maria Cecília Teixeira,176.082.943-96,+55 61 0123 0635,macedomaria-flor@example.net,1973-12-09,Feminino,"Vila de Pereira, 97",33,Mangueiras,19043470,São Paulo,São Paulo
123,Sophie Caldeira,305.698.721-03,(084) 0873 8205,gsilva@example.net,1965-09-14,Feminino,"Jardim Viana, 68",464,Planalto,42585149,São Paulo,São Paulo
124,Ana Laura Viana,850.431.796-00,+55 51 8711 5359,mouraleo@example.org,1979-08-11,Feminino,"Quadra de da Mata, 41",80,Jardim América,30168817,São Paulo,São Paulo
125,Raul da Mota,473.815.206-80,(061) 6023 1364,nogueiraluigi@example.org,1997-03-10,Masculino,"Via Montenegro, 16",28,Das Industrias I,46695585,São Paulo,São Paulo
126,Brenda Cirino,568.437.290-29,+55 61 2620 8758,fborges@example.org,1971-08-03,Feminino,"Parque de Cavalcante, 670",11,São Benedito,57030128,São Paulo,São Paulo
127,Cauê Duarte,178.036.425-35,(011) 5181 5629,lfernandes@example.org,1960-07-09,Masculino,"Morro de da Rosa, 85",85,Atila De Paiva,72793108,São Paulo,São Paulo
128,Pedro Henrique Vasconcelos,172.984.650-58,+55 (084) 5383 9013,enricoandrade@example.net,2004-07-04,Masculino,Estação João Campos,49,Custodinha,88018342,São Paulo,São Paulo
129,Maya das Neves,937.410.285-41,0900-433-4055,dantegarcia@example.org,1978-11-04,Feminino,"Setor de das Neves, 36",3,Tirol,34516-602,São Paulo,São Paulo
130,Asafe Alves,931.702.685-03,+55 61 0305-1490,sousabrayan@example.com,1994-06-04,Masculino,"Recanto Olívia Pires, 205",81,Prado,51386221,São Paulo,São Paulo
131,Lorenzo Cunha,937.502.168-86,+55 51 1942 8158,correiaagatha@example.com,1979-04-10,Masculino,"Loteamento de Casa Grande, 44",969,Santa Rita De Cássia,90864760,São Paulo,São Paulo
132,Vitor Câmara,764.923.158-55,+55 (081) 2765 1156,yuriferreira@example.net,1969-03-05,Masculino,"Avenida de Almeida, 95",68,Santa Terezinha,58383-488,São Paulo,São Paulo
133,João Felipe Gonçalves,435.697.021-70,+55 61 1458 9826,ianalbuquerque@example.org,1960-12-19,Masculino,"Estação Albuquerque, 598",9,Vila Mangueiras,97502-373,São Paulo,São Paulo
134,Francisco Novaes,574.192.306-25,51 3136 4712,pintozoe@example.com,1968-10-22,Masculino,"Viela Aragão, 22",30,Juliana,73492599,São Paulo,São Paulo
135,Rafaela Sousa,517.428.630-35,+55 11 1341 0633,cdas-neves@example.com,2002-10-19,Feminino,"Viaduto Eloá Rios, 6",573,Novo Tupi,89499-969,São Paulo,São Paulo
136,Yan Costa,598.276.410-85,71 9841 9876,pedro-miguelabreu@example.net,1981-04-13,Masculino,"Lagoa Vinicius Silveira, 82",78,Conjunto Paulo Vi,16904-257,São Paulo,São Paulo
137,Davi Lucca Cirino,842.093.157-88,71 1828 3893,ibarbosa@example.net,1996-07-17,Masculino,"Praça Rios, 6",2,Jardim Dos Comerciarios,99671-917,São Paulo,São Paulo
138,Oliver Mendonça,138.657.209-86,(081) 4198 8613,araujogabrielly@example.org,1980-04-08,Masculino,"Loteamento de Nogueira, 718",47,Vila Madre Gertrudes 1ª Seção,85348-924,São Paulo,São Paulo
139,Davi da Rosa,017.264.953-61,+55 51 2774 2337,rebeca78@example.net,1997-05-14,Masculino,"Jardim de Andrade, 723",368,Mariquinhas,31221-837,São Paulo,São Paulo
140,Theodoro Moura,806.347.951-39,+55 (084) 6398-9085,hpeixoto@example.net,1981-06-23,Masculino,"Colônia Mirella Moura, 988",84,Aparecida 7ª Seção,77425-616,São Paulo,São Paulo
141,Mariane Albuquerque,851.370.926-30,+55 61 5437-5277,marcos-vinicius83@example.com,1963-12-08,Feminino,"Trevo Monteiro, 53",13,Alto Das Antenas,33043-107,São Paulo,São Paulo
142,Davi Lucas Cassiano,941.806.527-49,+55 21 1811 2328,rhavi91@example.org,1973-03-17,Masculino,"Alameda de da Rosa, 17",71,Anchieta,08497-874,São Paulo,São Paulo
143,Léo Brito,743.165.028-08,+55 (011) 2065 6467,nathan08@example.net,1959-01-15,Masculino,Quadra Raquel Mendes,18,Paraíso,36125780,São Paulo,São Paulo
144,Calebe Marques,031.859.762-40,0800-489-8365,maria-lizmelo@example.net,2004-05-29,Masculino,"Trevo Pereira, 16",82,Olhos D'água,94324591,São Paulo,São Paulo
145,Ravi Pinto,086.415.392-98,51 9294 5522,ssouza@example.net,1999-03-24,Masculino,"Avenida de Garcia, 6",90,Camponesa 2ª Seção,37824-543,São Paulo,São Paulo
146,Anthony Gabriel Dias,305.274.816-53,+55 61 8698-8316,albuquerquedavi-lucca@example.net,1967-01-01,Masculino,Estrada de Nunes,73,Indaiá,42299353,São Paulo,São Paulo
147,Sofia Cirino,890.234.157-79,(021) 1262 7054,pietro93@example.com,1992-05-15,Feminino,Lago Alícia Rezende,93,Nova Cintra,80091640,São Paulo,São Paulo
148,Alana Machado,243.569.807-00,81 5574-2470,zcamargo@example.org,1958-08-11,Feminino,"Rua Maria Clara da Rosa, 57",510,Vila Nova Dos Milionarios,07767-550,São Paulo,São Paulo
149,Ana Laura da Cunha,632.570.819-95,+55 (071) 8552-5610,csa@example.net,1984-11-02,Feminino,"Viela Nina Freitas, 73",95,Vila Jardim Montanhes,84744-024,São Paulo,São Paulo
150,Vicente Dias,408.592.631-42,+55 11 0948-0880,davi-miguel71@example.net,1958-05-02,Masculino,"Travessa de Montenegro, 4",9,Ernesto Nascimento,12455-771,São Paulo,São Paulo
151,Maria Luísa Jesus,367.021.985-40,(084) 0734-8255,gael-henrique40@example.org,1957-02-08,Feminino,"Campo Manuella Ferreira, 89",770,Vila Dos Anjos,70426-086,São Paulo,São Paulo
152,Joaquim Cassiano,976.384.152-64,+55 (021) 6538-6254,danilonovais@example.net,1988-03-19,Masculino,"Campo Samuel Lima, 4",3,Alto Caiçaras,99980-267,São Paulo,São Paulo
153,Sophia Sampaio,685.134.790-39,81 9999-3549,gustavo-henriquefarias@example.com,1973-11-12,Feminino,Núcleo Leão,275,Xangri-Lá,09774-885,São Paulo,São Paulo
154,Olivia Carvalho,826.350.719-77,+55 (061) 6920-6216,siqueiramaria@example.com,2000-03-27,Feminino,"Travessa de Vargas, 8",62,Ermelinda,09480-321,São Paulo,São Paulo
155,Maria Isis Jesus,698.347.021-40,+55 (061) 7516-6274,da-conceicaoeloah@example.org,2000-05-09,Feminino,"Vereda Farias, 987",66,Vila Independencia 2ª Seção,32996-436,São Paulo,São Paulo
156,João Felipe Pastor,126.408.975-94,+55 (051) 3229-9062,correiamaria-julia@example.org,2003-10-30,Masculino,"Lagoa Silva, 20",21,Santa Tereza,24244-083,São Paulo,São Paulo
157,João Vitor Moreira,274.650.891-58,81 8532-8209,ribeiroana-clara@example.org,1994-12-16,Masculino,"Rua Cavalcanti, 12",23,Vila Suzana Primeira Seção,60874-206,São Paulo,São Paulo
158,Maria Júlia Pires,091.465.723-25,(041) 4108-0366,da-rosadavi-miguel@example.net,1989-07-24,Feminino,"Distrito Novais, 9",59,Dona Clara,54393798,São Paulo,São Paulo
159,Laís da Costa,064.831.592-42,+55 (051) 0980 0282,maria-helenabarbosa@example.net,1960-09-18,Feminino,Fazenda de da Conceição,5,Bandeirantes,12078-859,São Paulo,São Paulo
160,José Pedro Carvalho,403.179.286-78,+55 (061) 6432-3748,sofiacampos@example.org,2002-03-17,Masculino,"Residencial Rocha, 75",483,São Marcos,99021784,São Paulo,São Paulo
161,Pedro Miguel Ferreira,923.816.570-02,+55 51 0307 3482,erocha@example.com,1997-07-13,Masculino,"Viaduto Montenegro, 47",934,Vila Bandeirantes,04902-909,São Paulo,São Paulo
162,Luan Araújo,507.329.648-65,0300 107 7009,maria-isissantos@example.org,1990-02-08,Masculino,"Vale Sá, 78",575,Guaratã,07387456,São Paulo,São Paulo
163,Marina Vargas,159.304.276-07,21 8529 1907,portomarcos-vinicius@example.org,1957-03-30,Feminino,"Campo Levi Sampaio, 26",79,Engenho Nogueira,57240-389,São Paulo,São Paulo
164,Sabrina Mendes,493.152.780-97,(084) 0373-3363,joao-felipe14@example.org,1975-06-23,Feminino,"Trevo Manuela Fernandes, 536",8,Fernão Dias,46508232,São Paulo,São Paulo
165,José Pedro Aparecida,180.496.527-85,+55 (051) 4942-7399,jadeferreira@example.com,1999-10-01,Masculino,"Ladeira de da Paz, 62",82,Glória,07512-983,São Paulo,São Paulo
166,Valentim Azevedo,469.352.801-33,+55 (061) 0768-5484,fariasluan@example.org,1981-05-27,Masculino,"Vereda de Cavalcante, 15",26,Nova Pampulha,72097-980,São Paulo,São Paulo
167,Benício Brito,321.594.760-99,0800-311-1460,da-cruzzoe@example.net,1995-08-26,Masculino,"Rua Amanda Correia, 15",97,Bandeirantes,67407-834,São Paulo,São Paulo
168,Ana Liz da Rosa,650.831.794-66,81 4497 8995,gael-henrique15@example.net,1956-08-09,Feminino,"Favela Nogueira, 97",30,Jardim Dos Comerciarios,18029-278,São Paulo,São Paulo
169,João Vitor Almeida,602.853.194-42,11 0717-3978,rebecafogaca@example.com,1982-11-13,Masculino,"Trevo das Neves, 4",77,Conjunto Floramar,00014-370,São Paulo,São Paulo
170,Pietro Moura,925.178.304-79,(061) 9222 4753,pintoliam@example.net,1977-08-20,Masculino,"Viela de Novaes, 1",60,Etelvina Carneiro,40746487,São Paulo,São Paulo
171,Mirella Brito,461.789.230-31,(011) 7603 2697,leorocha@example.com,1991-10-14,Feminino,"Estrada da Cruz, 96",83,Liberdade,16656904,São Paulo,São Paulo
172,Lavínia Costa,723.891.546-46,+55 31 0722-8181,borgesheloisa@example.net,1993-03-24,Feminino,"Rodovia Alice Moraes, 842",16,São Bento,36423-711,São Paulo,São Paulo
173,Ayla Camargo,246.071.395-99,+55 (071) 4882 7450,catarinapeixoto@example.com,1988-04-26,Feminino,"Feira Isabel Correia, 727",70,São Gabriel,68168843,São Paulo,São Paulo
174,Enzo Gabriel Aragão,980.257.634-47,(084) 2854 3023,nmonteiro@example.com,1965-04-13,Masculino,Viela Ryan Machado,14,Copacabana,76512824,São Paulo,São Paulo
175,Mirella Almeida,236.541.970-43,+55 51 8085 7956,andrenunes@example.org,1969-08-06,Feminino,"Praça Barbosa, 38",880,Vila Real 1ª Seção,95251201,São Paulo,São Paulo
176,Maria Helena Cavalcante,102.467.598-01,(031) 2318-5923,savitor-hugo@example.com,1977-07-27,Feminino,"Rodovia Borges, 17",57,Flavio Marques Lisboa,06813200,São Paulo,São Paulo
177,Ana Julia Pires,487.503.692-29,+55 41 9469-6594,isabellyaragao@example.net,1965-12-16,Feminino,"Conjunto de Silveira, 5",66,Penha,08641-132,São Paulo,São Paulo
178,João Abreu,510.926.874-67,+55 (031) 9536-7772,vitoriacassiano@example.net,2000-06-28,Masculino,Ladeira de da Paz,543,Vila Suzana Segunda Seção,46039454,São Paulo,São Paulo
179,Ana Carolina Rodrigues,928.701.365-95,61 9025 7872,brenda67@example.com,2001-08-17,Feminino,"Travessa Melo, 200",102,União,57320-533,São Paulo,São Paulo
180,Ana Júlia Sousa,748.236.501-07,+55 31 3555 9350,amandamoura@example.net,1961-04-10,Feminino,"Campo Nunes, 39",25,João Alfredo,76436-867,São Paulo,São Paulo
181,Valentina Gomes,693.182.045-15,84 3709-4608,danielacostela@example.com,1980-12-09,Feminino,"Lagoa Rocha, 287",33,Ambrosina,64583113,São Paulo,São Paulo
182,Larissa Gonçalves,916.570.834-20,(081) 5821-3242,maria-liz11@example.org,1963-11-29,Feminino,"Lagoa de Sales, 16",19,Jardim Do Vale,26496-191,São Paulo,São Paulo
183,Bernardo Campos,594.730.612-34,+55 (071) 1823 4303,costelaanthony@example.com,2000-04-07,Masculino,"Pátio Ramos, 7",88,Vila Batik,16567-369,São Paulo,São Paulo
184,Ana Clara Cassiano,718.069.324-31,84 1207 6025,ralbuquerque@example.org,1962-11-16,Feminino,"Rodovia Lucca da Rocha, 7",30,Serra Do Curral,50869300,São Paulo,São Paulo
185,Isaac Lima,237.408.156-71,(031) 8149-2390,heloisamarques@example.net,1968-04-17,Masculino,"Vale Barbosa, 76",28,Vila Ouro Minas,08581-675,São Paulo,São Paulo
186,Luigi Pastor,450.986.273-38,(071) 2731 2351,jose-pedroviana@example.com,1958-10-10,Masculino,"Largo de Nascimento, 8",54,Sport Club,73458-739,São Paulo,São Paulo
187,Igor Peixoto,843.710.256-17,+55 (021) 6595 7451,levimarques@example.net,1999-03-06,Masculino,"Jardim de Jesus, 28",490,Manacas,74903807,São Paulo,São Paulo
188,Anthony Guerra,479.281.603-31,(081) 0895 7732,ana-vitoriajesus@example.net,1993-01-09,Masculino,"Recanto Levi Santos, 71",18,Santa Sofia,31041182,São Paulo,São Paulo
189,Bruno Dias,079.523.861-40,61 9900-5714,jsales@example.net,2004-04-27,Masculino,"Lagoa Antonella Vargas, 79",32,Boa Viagem,08254954,São Paulo,São Paulo
190,Erick Mendes,357.480.621-35,+55 31 7000 4542,fonsecamelissa@example.net,2007-01-06,Masculino,"Ladeira Cardoso, 16",69,Pilar,96767-404,São Paulo,São Paulo
191,Nina Rezende,157.938.260-68,+55 81 0017-7850,asafe36@example.org,1992-09-19,Feminino,"Morro de Macedo, 9",365,Jardinópolis,93552954,São Paulo,São Paulo
192,Isabella Freitas,976.842.035-92,(031) 5666-0624,murilo62@example.org,1982-06-13,Feminino,Praça Peixoto,365,Madre Gertrudes,74809031,São Paulo,São Paulo
193,Anna Liz Ribeiro,237.891.604-31,+55 (031) 8422 5671,aragaomarcelo@example.net,1990-11-10,Feminino,"Trevo Siqueira, 56",18,Vila Jardim Montanhes,58845158,São Paulo,São Paulo
194,Larissa Albuquerque,034.169.587-48,(084) 4723 4988,rodriguesluna@example.org,1998-11-18,Feminino,"Viaduto de Guerra, 3",9,Acaba Mundo,28977567,São Paulo,São Paulo
195,Maria Júlia Sales,053.789.124-23,+55 41 2987-2510,xcamara@example.org,1990-08-20,Feminino,"Lago da Cunha, 50",23,Acaba Mundo,98976-800,São Paulo,São Paulo
196,Kaique Lima,762.893.054-92,(041) 6064-7014,ana-carolina31@example.org,2000-10-18,Masculino,"Via Farias, 61",57,Álvaro Camargos,32992-138,São Paulo,São Paulo
197,Stella Aragão,068.174.293-31,(031) 9910-2195,monteiromariana@example.org,2001-07-15,Feminino,"Condomínio Maria Fernanda Peixoto, 403",53,Senhor Dos Passos,49777314,São Paulo,São Paulo
198,Matteo Pinto,593.460.872-00,+55 (084) 0953-9690,stellaaparecida@example.net,1976-04-06,Masculino,"Esplanada de Sousa, 13",90,Etelvina Carneiro,76428-178,São Paulo,São Paulo
199,Nicole Melo,160.493.275-99,+55 (084) 4775-6046,mmoura@example.com,1991-02-02,Feminino,"Lagoa de da Conceição, 96",90,Aeroporto,35594957,São Paulo,São Paulo
200,Eloah Macedo,042.851.736-62,(011) 9013-0620,lcosta@example.com,1963-09-20,Feminino,"Parque de Ribeiro, 50",32,Vila Ouro Minas,72974-220,São Paulo,São Paulo
201,Renan Cardoso,678.309.145-75,(031) 2611 0357,ocaldeira@example.com,1975-10-26,Masculino,"Pátio Farias, 707",60,Bernadete,70234849,São Paulo,São Paulo
202,Maria Luísa Cassiano,589.207.341-60,+55 (031) 9555 2323,caldeirajosue@example.com,1992-06-24,Feminino,"Esplanada da Conceição, 89",788,São Sebastião,78205-305,São Paulo,São Paulo
203,Júlia Sampaio,183.704.592-50,+55 (031) 8924 4697,valentinaribeiro@example.net,1963-11-04,Feminino,"Passarela de da Cunha, 6",39,Vila Nova,83769-483,São Paulo,São Paulo
204,Francisco da Mota,175.602.934-25,(021) 5012-1434,santosmaysa@example.com,1974-12-31,Masculino,"Setor Catarina Camargo, 8",20,Baleia,34375101,São Paulo,São Paulo
205,Francisco Rios,019.248.635-70,+55 71 1959 2745,lucas44@example.com,1955-02-28,Masculino,"Viela de da Paz, 96",262,Vila Havaí,27195719,São Paulo,São Paulo
206,Gabriela Araújo,206.749.513-52,+55 61 6294-2765,ana-carolinacarvalho@example.com,2005-03-26,Feminino,"Lagoa de Cavalcanti, 82",59,Conjunto Capitão Eduardo,61039963,São Paulo,São Paulo
207,Bianca Moraes,347.695.012-34,+55 (061) 0350 6570,nogueiracaroline@example.org,1990-02-06,Feminino,"Quadra de Nogueira, 18",84,Cidade Jardim Taquaril,94579275,São Paulo,São Paulo
208,Emanuel Borges,045.638.291-70,51 2430 5467,thomas21@example.net,1990-05-13,Masculino,"Quadra Cauê Cavalcanti, 6",98,Nova Granada,87145645,São Paulo,São Paulo
209,Ester Cavalcante,419.532.078-04,81 3184-6319,jnovais@example.org,2003-06-16,Feminino,"Rodovia Antonella Freitas, 88",12,Vila Independencia 3ª Seção,16360986,São Paulo,São Paulo
210,Esther Mendonça,896.574.320-65,+55 (061) 6426-2988,novaiseloa@example.net,1999-07-29,Feminino,"Praça de Santos, 336",55,Vila São Rafael,08858287,São Paulo,São Paulo
211,Natália Pacheco,081.476.359-66,+55 81 1073-9856,ana-lizfogaca@example.net,1987-12-25,Feminino,"Residencial da Mota, 3",453,Sport Club,67733515,São Paulo,São Paulo
212,Gael Pimenta,614.507.928-20,+55 (081) 2661-6309,alvesclarice@example.com,1980-02-14,Masculino,"Estrada de Sousa, 65",86,Canadá,55342110,São Paulo,São Paulo
213,Henry Gabriel Cavalcanti,248.091.536-06,+55 (041) 4514-5771,antoniocamara@example.org,1990-10-01,Masculino,"Favela de Borges, 4",995,Guarani,71454-720,São Paulo,São Paulo
214,Elisa Moreira,315.079.642-34,+55 (071) 6146 9907,ana-ceciliamonteiro@example.net,1970-08-28,Feminino,"Sítio de Fonseca, 50",6,Colégio Batista,63197-350,São Paulo,São Paulo
215,Nicole Vieira,479.236.058-74,+55 (071) 5358 6436,vieiraliam@example.org,1955-01-05,Feminino,"Quadra Rezende, 229",459,Vila São Dimas,12183199,São Paulo,São Paulo
216,João Pedro Pires,127.964.053-70,+55 41 0304-6970,yda-cruz@example.org,2000-10-18,Masculino,"Vale Pedro Miguel Martins, 3",49,João Paulo Ii,94105772,São Paulo,São Paulo
217,Rebeca Barbosa,720.543.968-00,+55 41 7571 3738,lopesmaria-fernanda@example.net,1966-10-02,Feminino,Jardim Oliveira,665,Aparecida,47393532,São Paulo,São Paulo
218,Nicolas Casa Grande,846.179.052-94,(084) 5717 2990,daniel43@example.com,2000-03-05,Masculino,"Aeroporto Machado, 97",14,Maria Virgínia,25074-207,São Paulo,São Paulo
219,Miguel Pacheco,389.041.562-89,+55 71 1401-2548,teixeiracalebe@example.com,1967-07-18,Masculino,Residencial Nunes,47,Baleia,24937114,São Paulo,São Paulo
220,Francisco Cirino,203.576.849-74,+55 84 5340 3033,tnogueira@example.org,1989-04-05,Masculino,Parque Laura Cavalcanti,6,Jardim Vitoria,91148-522,São Paulo,São Paulo
221,Agatha Borges,704.351.986-10,+55 81 0167-7075,maria-flor68@example.net,2002-09-21,Feminino,"Distrito Isabel Pacheco, 3",80,Taquaril,47911-554,São Paulo,São Paulo
222,Henry Gabriel Oliveira,163.082.597-21,0300-399-2637,davi-lucas60@example.org,1977-10-10,Masculino,"Praia Gabriel Pastor, 59",5,Conjunto Bonsucesso,56375242,São Paulo,São Paulo
223,Lavínia Silveira,629.173.854-64,51 1696 1566,arthur97@example.net,2005-05-19,Feminino,Recanto da Rocha,51,Maria Goretti,65204428,São Paulo,São Paulo
224,Cauê Camargo,518.943.206-89,+55 (041) 3262-6400,leticia35@example.net,1969-02-08,Masculino,"Rodovia de da Cruz, 95",3,Pindorama,48892673,São Paulo,São Paulo
225,Ana Júlia Peixoto,701.268.943-96,+55 84 8393-2895,mendoncajoao-miguel@example.org,1987-01-07,Feminino,"Avenida Ana Liz Rezende, 29",594,Ambrosina,55821445,São Paulo,São Paulo
226,Bryan Rocha,251.436.970-34,+55 81 1326-8753,luana41@example.com,1963-09-14,Masculino,"Aeroporto Zoe Souza, 86",3,São Jorge 1ª Seção,30786772,São Paulo,São Paulo
227,Natália Nogueira,120.953.647-16,(061) 3902 1682,talbuquerque@example.org,2004-02-05,Feminino,"Vereda Luara Moura, 72",8,Ipe,69587-945,São Paulo,São Paulo
228,Beatriz Rocha,521.798.340-04,81 9664 5229,da-cruzpietra@example.net,1967-10-11,Feminino,"Campo da Conceição, 91",342,Floramar,01516998,São Paulo,São Paulo
229,Arthur Miguel Albuquerque,641.025.973-52,+55 (081) 4991-9630,emilly36@example.net,1980-09-18,Masculino,"Lago Guilherme Ribeiro, 17",222,Jardim Leblon,11969378,São Paulo,São Paulo
230,Diego das Neves,364.570.918-57,(031) 1865-1733,ecassiano@example.org,1971-07-08,Masculino,"Praia da Luz, 913",65,Lindéia,08222-820,São Paulo,São Paulo
231,Lucas Gabriel Teixeira,902.863.147-03,+55 (021) 6330-8544,qcorreia@example.org,1989-05-01,Masculino,"Travessa Brito, 73",502,Santa Efigênia,87847914,São Paulo,São Paulo
232,João Guilherme Pires,928.173.046-40,(041) 2899 8597,duarteantonio@example.net,1984-11-03,Masculino,Condomínio Luana Almeida,44,Serra,20239197,São Paulo,São Paulo
233,Bruna Machado,539.248.701-79,0500-012-3087,moreirathomas@example.org,1983-01-19,Feminino,"Feira Rios, 668",90,Andiroba,57910-960,São Paulo,São Paulo
234,Ravi das Neves,401.852.793-41,41 4181-3250,luancostela@example.org,1995-10-30,Masculino,"Trevo Monteiro, 28",68,Conjunto Minas Caixa,61350-416,São Paulo,São Paulo
235,Bruno da Cunha,056.182.934-98,(031) 1010 1519,almeidavinicius@example.net,1988-05-22,Masculino,"Rua Maria Fernanda Carvalho, 1",90,Nova Granada,02654464,São Paulo,São Paulo
236,Emanuelly Martins,310.698.527-59,+55 (021) 4155-5475,yporto@example.org,1979-12-20,Feminino,"Praça Erick Araújo, 49",5,Vila Copasa,80232-384,São Paulo,São Paulo
237,Maria Alice Marques,714.960.832-96,+55 61 7220 9925,tmoraes@example.net,1992-04-19,Feminino,"Praia Novais, 85",84,Indaiá,29463578,São Paulo,São Paulo
238,Yasmin Araújo,451.672.938-55,0900 186 8715,cirinoyasmin@example.org,1979-09-11,Feminino,"Área Souza, 207",12,Marieta 3ª Seção,92836942,São Paulo,São Paulo
239,Emanuel Martins,384.729.015-05,(011) 8735 4922,pintohadassa@example.org,1980-03-05,Masculino,"Praça Abreu, 6",15,Itapoa,16511276,São Paulo,São Paulo
240,Arthur Miguel Sampaio,182.957.603-86,+55 (084) 3385 5501,machadooliver@example.com,1993-02-18,Masculino,"Aeroporto Almeida, 50",95,Acaiaca,33184-121,São Paulo,São Paulo
241,Dom Marques,384.692.705-83,+55 41 8756 1979,caiodas-neves@example.org,1962-02-08,Masculino,Condomínio Ana Laura Pereira,868,Alto Das Antenas,46524454,São Paulo,São Paulo
242,Cauã Novais,408.123.569-42,+55 (021) 1073-8198,helenacaldeira@example.org,2000-04-11,Masculino,"Trecho de Freitas, 6",2,Nazare,07950251,São Paulo,São Paulo
243,Valentina Peixoto,593.162.478-37,(031) 2466 0539,cfreitas@example.org,1958-08-15,Feminino,"Área Rebeca Dias, 219",93,Novo Das Industrias,71486752,São Paulo,São Paulo
244,Gustavo Henrique Cavalcanti,174.825.690-49,(021) 0267-4570,aparecidaesther@example.com,1956-12-04,Masculino,"Vila Davi Miguel Macedo, 26",5,Vila Sumaré,86125461,São Paulo,São Paulo
245,Juliana Pastor,871.524.690-67,+55 31 5975-2868,mandrade@example.org,2005-07-14,Feminino,"Praia Martins, 57",79,Vila São João Batista,46040-563,São Paulo,São Paulo
246,Davi Miguel Peixoto,375.218.069-21,+55 51 1827 9935,nuneshelena@example.net,1963-03-20,Masculino,"Viela Isabel Andrade, 62",35,Santa Isabel,57543369,São Paulo,São Paulo
247,Miguel Barros,148.926.057-94,+55 (041) 6636-9352,marinapimenta@example.com,1985-06-02,Masculino,"Conjunto Cauê Souza, 57",3,Frei Leopoldo,01968460,São Paulo,São Paulo
248,Maria Flor Pastor,356.012.894-33,21 9042-1416,wteixeira@example.net,2003-04-04,Feminino,"Setor de Garcia, 68",25,Ápia,84372227,São Paulo,São Paulo
249,Antony Monteiro,638.579.042-83,81 0671-8557,uborges@example.net,1995-07-06,Masculino,"Condomínio Viana, 37",38,Padre Eustáquio,44994437,São Paulo,São Paulo
250,Renan Fonseca,463.918.507-39,+55 (084) 3612-5629,ocirino@example.com,1996-01-01,Masculino,"Via Moraes, 56",9,Virgínia,41175-216,São Paulo,São Paulo
251,Enzo Moraes,461.875.302-17,0300-591-5964,kgoncalves@example.org,1956-09-18,Masculino,"Esplanada de Leão, 535",4,Antonio Ribeiro De Abreu 1ª Seção,59434119,São Paulo,São Paulo
252,Bryan Cardoso,607.325.814-35,+55 41 8585-4839,wnovais@example.net,1996-07-13,Masculino,Estrada da Cruz,462,Vila São Gabriel,43499992,São Paulo,São Paulo
253,Emanuella Novaes,072.458.196-02,21 0312 4868,sapedro@example.net,2002-06-12,Feminino,"Lago Maria Liz Sampaio, 631",6,Califórnia,39783238,São Paulo,São Paulo
254,Luiz Gustavo da Mota,048.975.326-47,(061) 1110 7302,esthercostela@example.com,1965-03-19,Masculino,"Ladeira Heitor Barros, 8",88,Biquinhas,32025-037,São Paulo,São Paulo
255,Lívia Guerra,594.732.180-79,0800-562-0967,teixeirabrayan@example.net,1957-06-04,Feminino,"Sítio Davi Miguel Sousa, 32",48,Serra Verde,56312776,São Paulo,São Paulo
256,Marcos Vinicius Correia,371.958.064-48,(041) 6224-3223,jesusbenjamim@example.org,1995-09-03,Masculino,"Parque da Costa, 232",79,Glória,40876-488,São Paulo,São Paulo
257,Emanuella Sousa,837.405.926-56,(071) 6702 8228,eduardo93@example.org,1985-01-29,Feminino,"Loteamento Isaque Araújo, 611",6,Funcionários,58978753,São Paulo,São Paulo
258,Clara Silva,805.496.132-42,+55 (031) 5432-9892,costelakaique@example.org,1958-04-29,Feminino,"Rodovia de Andrade, 5",78,Vila Minaslandia,12673972,São Paulo,São Paulo
259,Ágatha Carvalho,275.418.369-82,0900 347 7211,maria-helena73@example.net,2007-01-23,Feminino,"Passarela Laura Borges, 96",9,Ademar Maldonado,41999-835,São Paulo,São Paulo
260,Otávio da Cunha,875.123.460-26,(021) 4648 4691,kguerra@example.com,1968-05-29,Masculino,"Vale de Almeida, 506",73,Calafate,28339-811,São Paulo,São Paulo
261,Bárbara Cavalcante,291.568.043-42,+55 (041) 6816 6742,pereiradiogo@example.net,2005-07-03,Feminino,"Sítio de da Mota, 6",60,Pompéia,07095-298,São Paulo,São Paulo
262,Igor Siqueira,593.416.028-15,+55 51 1733 3632,sarahleao@example.org,1972-08-14,Masculino,"Estrada de Novaes, 32",69,Vila Maria,57999406,São Paulo,São Paulo
263,João Guilherme Moraes,841.305.769-84,+55 (041) 7051-9715,joao-gabrielda-costa@example.com,1965-08-14,Masculino,"Estrada de Duarte, 6",1,Itapoa,22119035,São Paulo,São Paulo
264,Bruna Azevedo,427.016.538-35,+55 (021) 1274-8780,rochaclara@example.org,1955-03-02,Feminino,Núcleo de Duarte,55,Carmo,71364-290,São Paulo,São Paulo
265,Isabella Vargas,946.132.750-16,+55 21 7663 0700,crezende@example.com,1985-02-19,Feminino,"Vereda de Viana, 966",22,São João Batista,83417-159,São Paulo,São Paulo
266,Gustavo Brito,546.921.378-19,21 9878-8925,almeidamaria-alice@example.org,1978-10-17,Masculino,"Núcleo de Moreira, 49",3,Jardim Vitoria,58525-416,São Paulo,São Paulo
267,Luana da Rocha,682.347.901-96,+55 (081) 0572 2864,gael-henrique16@example.org,1957-10-22,Feminino,"Quadra Luiz Felipe das Neves, 92",60,Confisco,22891613,São Paulo,São Paulo
268,Matteo Novaes,236.901.458-05,(051) 2999 2887,maria-liz51@example.net,1957-11-24,Masculino,"Trevo Gustavo Caldeira, 63",69,Califórnia,40879-019,São Paulo,São Paulo
269,Maria Fogaça,624.135.078-17,+55 (051) 2505-7748,tmoraes@example.com,1957-06-14,Feminino,"Feira Sales, 82",750,Camponesa 1ª Seção,90496115,São Paulo,São Paulo
270,Gael Henrique Fonseca,273.914.865-82,+55 41 7071-1904,mariane30@example.net,1956-08-13,Masculino,"Ladeira Anthony Farias, 375",9,Grota,11021-025,São Paulo,São Paulo
271,Yan Camargo,928.175.403-79,61 8161-2967,giovanna74@example.net,1961-09-22,Masculino,"Campo de Martins, 28",44,Solar Do Barreiro,33135786,São Paulo,São Paulo
272,Ayla Duarte,874.932.051-32,(061) 3700-8783,luana48@example.net,2003-06-26,Feminino,Rodovia Luísa Montenegro,54,Conjunto Santa Maria,90546057,São Paulo,São Paulo
273,Davi Luiz da Conceição,329.076.145-25,+55 31 1767 4812,claricemontenegro@example.org,1979-12-28,Masculino,"Rua da Paz, 79",55,Piraja,29090455,São Paulo,São Paulo
274,Liam Moreira,781.054.296-67,(051) 2404-1361,ferreirajuliana@example.net,1957-02-11,Masculino,Recanto Rebeca das Neves,472,Cdi Jatoba,75814401,São Paulo,São Paulo
275,Enzo Melo,760.135.489-00,+55 (041) 4970-7431,snunes@example.com,1971-12-30,Masculino,"Residencial de Cavalcanti, 82",5,Vila Tirol,44960127,São Paulo,São Paulo
276,Caroline Viana,475.681.290-20,(041) 5750-7319,matheuscorreia@example.net,2007-05-09,Feminino,"Viaduto de Nascimento, 51",4,João Paulo Ii,19342-662,São Paulo,São Paulo
277,Bento Correia,843.072.596-29,+55 41 6600-8234,cassianojose-miguel@example.net,2003-07-15,Masculino,"Feira Fogaça, 4",806,Pongelupe,27210630,São Paulo,São Paulo
278,Maria Eduarda da Cunha,386.954.710-39,+55 (061) 7235-0129,lavinia55@example.com,1993-02-26,Feminino,"Largo Helena Abreu, 92",338,Confisco,43299-972,São Paulo,São Paulo
279,Cauê Siqueira,204.531.796-06,+55 (041) 5371-2319,calves@example.com,1971-05-06,Masculino,"Praça de Casa Grande, 15",9,São Lucas,04376-604,São Paulo,São Paulo
280,Manuella Camargo,876.340.192-40,+55 31 8743 9830,thomas18@example.com,1959-08-28,Feminino,"Vila Ana Sophia Cardoso, 1",6,Tupi B,86120-523,São Paulo,São Paulo
281,Eduardo Mendes,945.160.723-43,(011) 0668 0019,silvaandre@example.com,1996-01-03,Masculino,"Vale Moraes, 87",20,Solimoes,50921-840,São Paulo,São Paulo
282,Antony Carvalho,925.613.874-37,(061) 5084 3825,ncorreia@example.com,1956-04-26,Masculino,"Via de Aragão, 71",21,Vila Do Pombal,90583435,São Paulo,São Paulo
283,Emilly Alves,596.341.072-06,+55 71 8143-6592,dcampos@example.org,1966-10-24,Feminino,"Parque Ayla Moraes, 49",68,Delta,24136-381,São Paulo,São Paulo
284,Isis da Mota,261.345.709-07,+55 84 8154 4983,ravi-lucca86@example.com,2002-06-16,Feminino,Ladeira Anthony da Paz,33,Minas Caixa,67856656,São Paulo,São Paulo
285,Vitória Sousa,786.135.490-39,+55 (031) 4519 4570,evelynnascimento@example.net,1956-07-10,Feminino,"Área de Monteiro, 128",38,Vila Minaslandia,75860521,São Paulo,São Paulo
286,Kamilly Campos,854.391.670-48,+55 (021) 3613 3093,caleb48@example.com,1981-05-13,Feminino,"Campo de Cassiano, 56",374,João Alfredo,18615-953,São Paulo,São Paulo
287,Asafe Silva,938.542.017-88,0900-045-0200,jesusvitor@example.org,1970-07-30,Masculino,"Distrito de Câmara, 73",22,Cenaculo,71158453,São Paulo,São Paulo
288,Isaac Marques,806.715.932-77,+55 11 7224-8570,ramosmaria-clara@example.com,1991-06-13,Masculino,"Vereda de Nunes, 12",21,Minaslandia,37323469,São Paulo,São Paulo
289,Ana Clara Andrade,678.203.145-08,+55 61 9082-6205,qbarbosa@example.net,1969-11-05,Feminino,"Esplanada Allana Machado, 31",39,Vila Nova Gameleira 2ª Seção,22640449,São Paulo,São Paulo
290,Otto Ribeiro,317.025.846-07,61 7157 9006,alicecostela@example.com,1973-07-14,Masculino,Aeroporto Asafe Almeida,26,Brasil Industrial,92903-404,São Paulo,São Paulo
291,Luna Guerra,926.315.078-86,(051) 3082-6788,agatha61@example.org,1987-04-11,Feminino,"Lagoa Ana Costa, 49",1,Boa Vista,09242177,São Paulo,São Paulo
292,Isabel Leão,098.736.415-48,(021) 4567-4432,ccostela@example.com,1991-12-04,Feminino,"Chácara Rios, 4",92,Conjunto Taquaril,32932363,São Paulo,São Paulo
293,Vitória Azevedo,638.152.409-05,+55 84 4327 2979,ana-lizcasa-grande@example.org,2002-02-11,Feminino,"Lago Azevedo, 9",9,Oeste,52851154,São Paulo,São Paulo
294,Murilo Garcia,630.275.419-43,+55 (071) 5477 5245,isabellyfarias@example.org,1971-02-25,Masculino,"Viela Theo Montenegro, 32",12,Vila Calafate,59592462,São Paulo,São Paulo
295,Emanuelly Macedo,980.653.721-12,(021) 4251 6167,fernandesalicia@example.com,1996-09-15,Feminino,"Viaduto de Teixeira, 38",6,Bom Jesus,36684-518,São Paulo,São Paulo
296,Alana Viana,583.762.091-59,+55 81 9066-4905,borgesstella@example.com,1994-04-30,Feminino,"Estrada de Peixoto, 47",81,Vila Aeroporto,91861-378,São Paulo,São Paulo
297,Alícia Andrade,492.615.038-70,0900 292 2092,cguerra@example.net,1988-03-15,Feminino,"Largo da Mota, 9",55,Nova Vista,20330-625,São Paulo,São Paulo
298,Vinicius Souza,564.027.139-61,(071) 2677-7067,ravi-luccaaraujo@example.net,1997-01-25,Masculino,"Trecho Vasconcelos, 15",40,São Tomaz,47040496,São Paulo,São Paulo
299,Nicole Azevedo,315.260.974-43,0800 590 8126,wda-mota@example.net,1995-04-17,Feminino,"Rua Ísis Cirino, 21",47,Unidas,19396-209,São Paulo,São Paulo
300,Mirella Rocha,971.364.805-66,(021) 8291-1534,alicemendonca@example.com,2007-01-18,Feminino,Largo Cauã Pereira,317,São Tomaz,23947-895,São Paulo,São Paulo
